Sector,Score
Education & Training Services,1.5886786157182513
Farm Products,1.2624665523115122
Grocery Stores,1.2117048665460826
Food Distribution,1.0332157258016608
Beverages - Brewers,0.916900084486594
Discount Stores,0.7051847145160144
Packaged Foods,0.6855735896492983
Confectioners,0.6337948803428334
Tobacco,0.588353440960643
Beverages - Non-Alcoholic,0.5119232439391384
Household & Personal Products,0.5066049221040999
Beverages - Wineries & Distilleries,0.35559936362387157
